path,id
vercel.svg,H-vdCuuMTjOo5lgEX-dxikEmT0lhOzLLkCma85oXzdI
index.html,mMc9h8-RgktaTmmiY9J-fjg0q4h6s9HKnqow8ZH0YLI
404.html,e8TQOL1c-rEHSn5-8JKRag15DpCiIzBiBMuAtM7cVdg
favicon.ico,m09xH7alqolTaXbglRSCIDycGGAveEY9BYaFGfQG614
404.html.html,DpiAGlhsPt2iY47KYFMbzsDGQuDMkZ3Oo9DCqGSsREU
_next\static\chunks\pages\_error-0a004b8b8498208d.js,9Ag_IHGl-_W9Z6epSiiB2KJR_yr8a12yySHUjRupCOg
_next\static\chunks\pages\index-072aefab618aed9f.js,n6e-6s6idjWIcZnGd1neXXHpfSquv4FE3r7PWK7db0I
_next\static\chunks\main-35f06ba0f7da9325.js,J-s00kZo9_q07Aw2804NL2ayZrTu0ZJrSNbrMTNMjFY
_next\static\chunks\framework-a87821de553db91d.js,ofR9wcxq-YsHKsnM-sFfm1WScxWFMrCFUFaUnCtcWJs
_next\static\chunks\webpack-434fefa8f39d8fbc.js,Hu-PeAaWXABlE5RZXOSqYXx_OYlg4weWxy4IJQE0Z5Y
_next\static\dsC2FCwhBEIuBK8huumpM\_buildManifest.js,9ir3rq2V5WvENEovATjD_3i6kuPNVUn0x6yDHc8dfkI
_next\static\dsC2FCwhBEIuBK8huumpM\_middlewareManifest.js,XS7tiIlNEmSwEvmqspuLYKguXeQIFewxfyamBp-CFUU
_next\static\dsC2FCwhBEIuBK8huumpM\_ssgManifest.js,bCkshlD5306csRStXwvhpaYUKZ-elRM-hKWgS3Byv0E
_next\static\chunks\polyfills-5cd94c89d3acac5f.js,-EsyDnDz_-yfOqAS9Q9J-QEzmOK9NNeC-3PEgVijoLk
_next\static\chunks\pages\_app-2d744e3afabe5d45.js,rt8PDvjol7wTvrkR0I5QsT6J7sZ24JBBTgrpoL-j9HY
